City_ID,City,Country,Lat,Lng,Max Temp,Humidity,Cloudiness,Wind Speed,Weather Description
0,Yulara,AU,-25.2406,130.9889,67.84,56,0,2.3,clear sky
1,Castro,BR,-24.7911,-50.0119,75.07,65,37,5.53,scattered clouds
2,Sitka,US,57.0531,-135.33,37.29,52,100,8.05,overcast clouds
3,Cape Town,ZA,-33.9258,18.4232,68.09,61,0,8.05,clear sky
4,Kapaa,US,22.0752,-159.319,77.18,71,0,1.99,clear sky
5,Rikitea,PF,-23.1203,-134.9692,79.21,72,89,18.81,overcast clouds
6,Thompson,CA,55.7435,-97.8558,-9.24,70,100,14.97,overcast clouds
7,Itarema,BR,-2.9248,-39.9167,83.48,64,89,10.38,overcast clouds
8,Aswan,EG,24.0934,32.907,54.14,34,0,11.36,clear sky
9,Katsuura,JP,35.1333,140.3,37.42,96,100,22.62,overcast clouds
10,Kismayo,SO,-0.3582,42.5454,77.22,80,4,17.29,clear sky
11,Cidreira,BR,-30.1811,-50.2056,76.23,74,1,16.46,clear sky
12,Hobart,AU,-42.8794,147.3294,54.27,70,18,5.1,few clouds
13,Dallas,US,32.7668,-96.7836,72.32,18,75,5.75,broken clouds
14,Vaini,TO,-21.2,-175.2,81.5,80,81,21.97,broken clouds
15,Cotonou,BJ,6.3654,2.4183,84.18,84,20,11.5,few clouds
16,Punta Arenas,CL,-53.15,-70.9167,51.91,54,40,31.07,scattered clouds
17,Lorengau,PG,-2.0226,147.2712,80.08,82,100,6.35,overcast clouds
18,Tres Lagoas,BR,-20.7511,-51.6783,85.21,54,96,6.76,overcast clouds
19,Ariquemes,BR,-9.9133,-63.0408,85.39,69,55,5.06,broken clouds
20,Upernavik,GL,72.7868,-56.1549,-5.13,95,100,5.59,overcast clouds
21,Dikson,RU,73.5069,80.5464,7.29,91,100,27.6,overcast clouds
22,Avarua,CK,-21.2078,-159.775,80.65,74,20,8.05,few clouds
23,Haicheng,CN,40.8516,122.7475,29.86,71,47,6.22,scattered clouds
24,Richards Bay,ZA,-28.783,32.0377,73.06,88,3,6.26,clear sky
25,Ahipara,NZ,-35.1667,173.1667,73.62,95,99,9.8,overcast clouds
26,Balabac,PH,7.9868,117.0645,80.2,82,100,16.11,overcast clouds
27,Mataura,NZ,-46.1927,168.8643,58.48,92,100,2.55,overcast clouds
28,Souillac,MU,-20.5167,57.5167,77.38,88,40,2.3,scattered clouds
29,Karratha,AU,-20.7377,116.8463,84.02,74,9,9.06,clear sky
30,Beringovskiy,RU,63.05,179.3167,-27.78,94,25,2.93,scattered clouds
31,Oksfjord,NO,70.2396,22.3479,28.58,94,100,9.86,snow
32,Oussouye,SN,12.485,-16.5469,80.78,34,6,6.08,clear sky
33,Tasiilaq,GL,65.6145,-37.6368,17.76,59,43,6.89,scattered clouds
34,Port Alfred,ZA,-33.5906,26.891,70.92,79,81,7.63,broken clouds
35,Mikhaylovka,RU,50.06,43.2379,35.78,93,98,11.41,overcast clouds
36,Iskilip,TR,40.7353,34.4739,26.08,85,14,3.6,few clouds
37,Ishinomaki,JP,38.4167,141.3,31.69,88,100,10.11,overcast clouds
38,Mudanjiang,CN,44.5833,129.6,5.38,98,100,0.94,overcast clouds
39,Bengkulu,ID,-3.8004,102.2655,75.2,78,100,5.17,overcast clouds
40,Sistranda,NO,63.7256,8.834,31.96,61,100,28.63,snow
41,Garden City,US,42.3256,-83.331,34.05,68,100,17.27,overcast clouds
42,Mayor Pablo Lagerenza,PY,-19.9309,-60.7718,102.81,18,6,6.2,clear sky
43,Yellowknife,CA,62.456,-114.3525,-8.59,81,75,11.5,broken clouds
44,Conakry,GN,9.538,-13.6773,82.47,78,1,6.91,haze
45,Jeremie,HT,18.65,-74.1167,79.34,73,32,2.57,scattered clouds
46,Maniitsoq,GL,65.4167,-52.9,15.71,91,100,7.99,overcast clouds
47,Mount Isa,AU,-20.7333,139.5,80.37,29,45,12.66,scattered clouds
48,Jamestown,US,42.097,-79.2353,38.52,53,92,11.01,overcast clouds
49,Bluff,NZ,-46.6,168.3333,58.8,83,65,12.93,broken clouds
50,Hithadhoo,MV,-0.6,73.0833,81.46,70,100,6.89,overcast clouds
51,Tongliao,CN,43.6125,122.2653,7.81,98,86,8.57,overcast clouds
52,Hermanus,ZA,-34.4187,19.2345,64.9,77,0,3.47,clear sky
53,Saint George,US,37.1041,-113.5841,64.87,29,0,4.0,clear sky
54,Albany,US,42.6001,-73.9662,45.27,69,25,9.86,scattered clouds
55,East London,ZA,-33.0153,27.9116,71.65,79,9,4.18,clear sky
56,Saint-Philippe,RE,-21.3585,55.7679,74.79,79,30,5.3,scattered clouds
57,Poronaysk,RU,49.2167,143.1167,4.46,96,45,4.61,scattered clouds
58,Sarangani,PH,5.4033,125.4636,81.46,80,100,19.95,overcast clouds
59,Tuktoyaktuk,CA,69.4541,-133.0374,-13.0,70,100,12.66,light snow
60,Nicoya,CR,10.1483,-85.452,90.95,33,11,7.23,few clouds
61,Hilo,US,19.7297,-155.09,76.8,63,0,4.61,clear sky
62,Leua,SK,48.2156,18.6071,43.5,81,84,2.08,broken clouds
63,Bethel,US,41.3712,-73.414,52.38,49,9,4.0,clear sky
64,Kazanka,UA,47.8462,32.8218,38.26,90,94,5.73,overcast clouds
65,Palembang,ID,-2.9167,104.7458,73.27,94,100,4.16,overcast clouds
66,Provideniya,RU,64.3833,-173.3,-19.93,92,47,3.69,scattered clouds
67,Banihal,IN,33.4167,75.2,32.16,81,4,5.55,clear sky
68,Ushuaia,AR,-54.8,-68.3,49.62,87,100,4.76,light rain
69,Carnarvon,AU,-24.8667,113.6333,78.87,73,75,8.05,broken clouds
70,Namie,JP,37.4833,141.0,34.72,95,100,11.59,overcast clouds
71,Margate,GB,51.3813,1.3862,42.04,70,54,1.99,broken clouds
72,Chokurdakh,RU,70.6333,147.9167,-28.68,96,44,8.86,scattered clouds
73,Te Anau,NZ,-45.4167,167.7167,61.79,81,33,1.12,scattered clouds
74,Esperance,AU,-33.8667,121.9,73.49,47,14,20.22,few clouds
75,Alta Floresta,BR,-9.8756,-56.0861,85.82,70,40,2.3,scattered clouds
76,Le Vauclin,MQ,14.5452,-60.8388,84.25,54,0,17.27,clear sky
77,Kieta,PG,-6.2167,155.6333,78.6,84,74,4.36,light rain
78,Nome,US,64.5011,-165.4064,-20.13,76,40,5.75,scattered clouds
79,Cherskiy,RU,68.75,161.3,-35.21,99,100,6.53,overcast clouds
80,Visakhapatnam,IN,17.69,83.2093,69.69,94,20,2.3,mist
81,Pasighat,IN,28.0667,95.3333,57.13,86,100,4.09,overcast clouds
82,Abeche,TD,13.8292,20.8324,69.93,10,0,11.16,clear sky
83,Vestmannaeyjar,IS,63.4427,-20.2734,37.56,54,100,19.51,overcast clouds
84,Tiksi,RU,71.6872,128.8694,-10.12,92,100,16.4,overcast clouds
85,Dunda,TZ,-8.1167,34.25,64.11,96,100,2.86,light rain
86,Slave Lake,CA,55.2834,-114.769,37.38,81,100,24.16,overcast clouds
87,Constitucion,CL,-35.3333,-72.4167,66.25,63,100,7.83,overcast clouds
88,Hami,CN,42.8,93.45,25.72,61,87,4.03,overcast clouds
89,Faanui,PF,-16.4833,-151.75,81.18,75,56,15.37,broken clouds
90,Barrow,US,71.2906,-156.7887,-27.38,62,100,8.05,haze
91,Pangoa,PE,-12.1167,-73.0,82.44,50,100,3.53,light rain
92,Aklavik,CA,68.2191,-135.0107,-17.57,93,100,7.27,overcast clouds
93,Havoysund,NO,70.9963,24.6622,25.68,72,100,15.43,light snow
94,Madimba,TZ,-10.4,40.3333,79.43,84,100,8.5,overcast clouds
95,Busselton,AU,-33.65,115.3333,64.09,62,0,4.68,clear sky
96,Coxcatlan,MX,18.2667,-97.15,76.48,39,100,4.34,overcast clouds
97,Port Elizabeth,ZA,-33.918,25.5701,64.69,82,0,3.44,clear sky
98,Cabra,ES,37.4725,-4.4421,56.39,52,100,2.26,overcast clouds
99,Arlit,NE,18.7369,7.3853,67.5,16,0,8.59,clear sky
100,Bambous Virieux,MU,-20.3428,57.7575,77.25,88,40,2.3,scattered clouds
101,Egvekinot,RU,66.3167,-179.1667,-25.89,88,28,4.68,scattered clouds
102,Bredasdorp,ZA,-34.5322,20.0403,60.12,77,0,2.3,clear sky
103,Truro,GB,50.2653,-5.0544,45.68,65,75,18.41,broken clouds
104,Khatanga,RU,71.9667,102.5,-5.48,97,95,13.44,overcast clouds
105,San Luis,AR,-33.295,-66.3356,93.36,16,86,1.23,overcast clouds
106,Butaritari,KI,3.0707,172.7902,81.18,79,24,17.31,light rain
107,Chilca,PE,-12.5211,-76.7372,79.61,75,82,6.53,broken clouds
108,Ambon,ID,-3.6954,128.1814,77.14,94,40,4.61,light rain
109,Pangody,RU,65.85,74.4859,2.23,81,9,17.83,clear sky
110,Broken Hill,AU,-31.95,141.4333,61.63,51,0,18.1,clear sky
111,Ostrovnoy,RU,68.0531,39.5131,28.69,86,100,18.45,overcast clouds
112,Vardo,NO,70.3705,31.1107,26.58,80,75,12.66,broken clouds
113,Samur,RU,41.8253,48.486,39.33,91,100,5.28,overcast clouds
114,Adrar,MR,20.5022,-10.0711,69.08,15,93,11.54,overcast clouds
115,Soe,ID,-9.8607,124.284,65.48,93,100,2.37,overcast clouds
116,Amahai,ID,-3.3333,128.9167,77.7,86,99,3.56,overcast clouds
117,Kokopo,PG,-4.352,152.2633,77.94,83,97,3.94,overcast clouds
118,Hualmay,PE,-11.0964,-77.6139,74.39,69,100,8.61,overcast clouds
119,Atuona,PF,-9.8,-139.0333,78.35,75,0,16.37,clear sky
120,Ponta Do Sol,PT,32.6667,-17.1,69.71,62,100,7.85,overcast clouds
121,Miquelon,PM,47.0975,-56.3814,32.0,84,15,14.36,few clouds
122,Moron,AR,-34.6534,-58.6198,91.02,47,0,7.0,clear sky
123,Puerto Ayora,EC,-0.7393,-90.3518,84.16,86,96,7.0,overcast clouds
124,Qaanaaq,GL,77.484,-69.3632,-20.85,57,8,7.38,clear sky
125,New Norfolk,AU,-42.7826,147.0587,56.7,56,34,2.37,scattered clouds
126,Buchanan,LR,5.8808,-10.0467,80.56,85,57,7.36,broken clouds
127,Alice Springs,AU,-23.7,133.8833,62.15,77,0,5.75,clear sky
128,Tabuk,PH,17.4189,121.4443,68.31,96,44,1.07,scattered clouds
129,Nador,MA,35.174,-2.9287,57.45,77,40,3.44,scattered clouds
130,San Quintin,MX,30.4833,-115.95,72.39,27,0,8.32,clear sky
131,Ostersund,SE,63.1792,14.6357,27.05,80,75,11.5,broken clouds
132,Yachimata,JP,35.65,140.3167,37.49,93,75,17.27,light snow
133,Puerto Escondido,MX,15.85,-97.0667,85.03,61,0,8.05,clear sky
134,Fairbanks,US,64.8378,-147.7164,-7.19,77,75,4.61,light snow
135,Ippy,CF,6.2679,21.2247,82.26,16,10,2.42,clear sky
136,Quatre Cocos,MU,-20.2078,57.7625,77.11,82,16,6.67,few clouds
137,Vao,NC,-22.6667,167.4833,81.23,87,100,40.26,moderate rain
138,Jaru,BR,-10.4389,-62.4664,83.86,80,75,2.66,moderate rain
139,Bilibino,RU,68.0546,166.4372,-42.7,100,72,1.72,broken clouds
140,Sinnamary,GF,5.3833,-52.95,78.85,83,51,11.81,broken clouds
141,Banes,CU,20.9625,-75.7186,88.41,64,68,8.63,broken clouds
142,Buala,SB,-8.145,159.5921,78.37,83,100,6.06,light rain
143,Safranbolu,TR,41.2508,32.6942,25.81,91,18,1.25,few clouds
144,Norman Wells,CA,65.282,-126.8329,-11.16,70,100,11.5,light snow
145,Turukhansk,RU,65.8167,87.9833,-24.63,99,14,4.79,few clouds
146,Nazilli,TR,37.9163,28.3223,42.1,69,0,4.68,clear sky
147,Kaitangata,NZ,-46.2817,169.8464,58.53,92,89,3.38,overcast clouds
148,Baghdad,IQ,33.3406,44.4009,48.11,71,0,3.44,clear sky
149,Hit,IQ,33.6416,42.8251,57.76,36,75,5.06,broken clouds
150,Conceicao Do Araguaia,BR,-8.2578,-49.2647,82.78,76,98,2.28,overcast clouds
151,Belaya Gora,RU,68.5333,146.4167,-41.78,99,38,4.12,scattered clouds
152,Georgetown,MY,5.4112,100.3354,78.89,90,20,1.14,few clouds
153,Acapulco,MX,16.8634,-99.8901,85.82,58,75,6.91,broken clouds
154,Saint-Pierre,RE,-21.3393,55.4781,74.88,78,20,4.61,few clouds
155,Nikolskoye,RU,59.7035,30.7861,36.88,90,100,10.27,overcast clouds
156,Clyde River,CA,70.4692,-68.5914,-18.17,69,75,5.75,broken clouds
157,Bac Lieu,VN,9.285,105.7244,78.03,82,100,13.22,overcast clouds
158,Klaksvik,FO,62.2266,-6.589,27.52,58,85,12.75,overcast clouds
159,Belmonte,BR,-15.8631,-38.8828,84.7,72,9,9.55,clear sky
160,Visnes,NO,59.3556,5.2242,37.81,87,100,16.11,snow
161,Shache,CN,38.4167,77.2406,35.87,34,10,7.09,clear sky
162,Padang,ID,-0.9492,100.3543,77.23,78,100,2.8,overcast clouds
163,Dakar,SN,14.6937,-17.4441,90.48,47,12,9.22,few clouds
164,Inirida,CO,3.8653,-67.9239,91.06,45,99,0.6,overcast clouds
165,Rio Grande,BR,-32.035,-52.0986,82.51,67,57,17.87,broken clouds
166,Kodiak,US,57.79,-152.4072,27.91,80,100,0.0,overcast clouds
167,Luderitz,NA,-26.6481,15.1594,73.53,52,3,18.77,clear sky
168,Hastings,GB,50.8552,0.5729,42.3,69,49,15.99,scattered clouds
169,Kangaatsiaq,GL,68.3065,-53.4641,-11.79,93,100,7.65,overcast clouds
170,Sarkand,KZ,45.41,79.9186,15.17,77,93,6.85,overcast clouds
171,Maribondo,BR,-9.5772,-36.3053,83.75,51,29,15.28,scattered clouds
172,Hailey,US,43.5196,-114.3153,45.9,70,53,1.01,broken clouds
173,Nosy Varika,MG,-20.5833,48.5333,76.03,89,8,4.0,light rain
174,Ust-Kuyga,RU,70.0167,135.6,-22.2,98,100,8.79,overcast clouds
175,Bonnyville,CA,54.2668,-110.735,38.03,94,99,21.43,overcast clouds
176,Hamilton,US,39.1834,-84.5333,46.99,56,20,11.5,few clouds
177,Tuatapere,NZ,-46.1333,167.6833,58.82,90,93,2.66,overcast clouds
178,Kloulklubed,PW,7.0419,134.2556,82.44,74,100,12.55,overcast clouds
179,Logan,US,41.7355,-111.8344,47.88,67,62,1.99,broken clouds
180,Kambove,CD,-10.8764,26.5969,62.98,93,100,2.93,light rain
181,Hudson Bay,CA,52.85,-102.3842,28.71,84,100,11.45,overcast clouds
182,Saint-Felicien,CA,48.6501,-72.4491,38.08,75,100,14.97,overcast clouds
183,Severo-Kurilsk,RU,50.6789,156.125,23.94,75,90,7.81,overcast clouds
184,Lebu,CL,-37.6167,-73.65,61.21,64,90,26.11,overcast clouds
185,Mar Del Plata,AR,-38.0023,-57.5575,84.22,86,0,21.99,clear sky
186,Pitanga,BR,-24.7572,-51.7614,79.74,48,51,2.89,broken clouds
187,Jacareacanga,BR,-6.2222,-57.7528,88.45,53,41,3.85,scattered clouds
188,Tokur,RU,53.1333,132.9,-6.11,99,100,2.13,overcast clouds
189,Maltahohe,NA,-24.8333,16.9833,75.09,53,51,8.52,light rain
190,Lufilufi,WS,-13.8745,-171.5986,87.58,80,70,12.01,broken clouds
191,Taltal,CL,-25.4,-70.4833,68.14,72,25,4.14,scattered clouds
192,Mandiana,GN,10.6333,-8.6833,81.12,13,0,5.97,clear sky
193,Champerico,GT,14.3,-91.9167,91.94,58,2,10.2,clear sky
194,Avera,US,33.194,-82.5271,69.39,29,10,8.55,clear sky
195,Sabang,ID,5.8933,95.3214,81.57,74,98,9.53,overcast clouds
196,Shubarkuduk,KZ,49.1447,56.4872,23.36,96,100,17.16,snow
197,Uyuni,BO,-20.4597,-66.825,63.55,17,4,16.24,clear sky
198,Lompoc,US,34.6391,-120.4579,87.69,20,0,6.91,clear sky
199,Hofn,IS,64.2539,-15.2082,25.29,59,31,6.64,scattered clouds
200,Saint-Augustin,CA,51.226,-58.6502,25.38,94,100,2.75,overcast clouds
201,Matara,LK,5.9485,80.5353,75.02,89,13,4.34,moderate rain
202,Narsaq,GL,60.9167,-46.05,12.42,62,69,8.46,broken clouds
203,Usinsk,RU,65.9939,57.5281,24.28,94,100,23.53,light snow
204,Matagami,CA,49.7502,-77.6328,6.91,72,100,10.36,overcast clouds
205,Ribeira Grande,PT,38.5167,-28.7,59.4,82,20,12.66,few clouds
206,Shebekino,RU,50.4097,36.9136,37.87,92,99,10.63,overcast clouds
207,Torbay,CA,47.6666,-52.7314,39.76,81,20,8.05,few clouds
208,Shimoda,JP,34.6667,138.95,37.11,85,99,16.71,overcast clouds
209,Sheregesh,RU,52.9209,87.9869,-13.72,96,7,4.05,clear sky
210,Nadym,RU,65.5333,72.5167,4.06,85,7,19.15,clear sky
211,Boa Vista,BR,2.8197,-60.6733,93.18,38,40,12.66,scattered clouds
212,Pouebo,NC,-20.4,164.5667,78.91,88,100,15.77,overcast clouds
213,Santa Vitoria Do Palmar,BR,-33.5189,-53.3681,76.55,54,9,14.99,clear sky
214,Lerwick,GB,60.1545,-1.1494,33.8,57,97,20.24,overcast clouds
215,Meadville,US,41.6414,-80.1515,38.05,72,98,7.0,overcast clouds
216,Belomorsk,RU,64.5232,34.7668,21.38,92,94,7.99,overcast clouds
217,Alofi,NU,-19.0595,-169.9187,84.09,74,75,6.91,broken clouds
218,Chicama,PE,-7.8447,-79.1469,73.94,55,79,10.45,broken clouds
219,Natal,BR,-5.795,-35.2094,86.65,70,20,11.5,few clouds
220,Alyangula,AU,-13.8483,136.4192,81.64,72,62,6.06,broken clouds
221,Cody,US,44.5263,-109.0565,55.6,32,0,32.99,clear sky
222,Santa Lucia,ES,27.9117,-15.5407,65.77,68,0,3.44,clear sky
223,Mikhaylovskoye,RU,51.8239,79.7172,-17.01,100,69,3.91,broken clouds
224,Mahebourg,MU,-20.4081,57.7,77.29,88,40,2.3,scattered clouds
225,Jian,CN,27.1172,114.9793,42.73,94,100,5.48,overcast clouds
226,Arraial Do Cabo,BR,-22.9661,-42.0278,71.46,88,100,4.61,overcast clouds
227,Isangel,VU,-19.55,169.2667,79.9,90,100,22.93,light rain
228,Homer,US,59.6425,-151.5483,29.05,79,0,5.75,clear sky
229,Poum,NC,-20.2333,164.0167,81.03,83,100,27.04,overcast clouds
230,Otse,BW,-25.0167,25.7333,65.57,63,14,3.69,few clouds
231,Port Augusta,AU,-32.5,137.7667,56.71,61,0,10.45,clear sky
232,Staryy Nadym,RU,65.6118,72.6842,3.72,85,7,18.52,clear sky
233,Saratoga Springs,US,43.0831,-73.7846,44.37,63,52,4.0,light rain
234,Pierre,US,44.3683,-100.351,58.28,44,20,19.57,few clouds
235,Flin Flon,CA,54.7682,-101.865,3.04,72,100,11.5,light snow
236,Mount Gambier,AU,-37.8333,140.7667,52.75,92,53,4.81,broken clouds
237,Moa,CU,20.6569,-74.9403,79.72,73,35,5.37,scattered clouds
238,Sayyan,YE,15.1718,44.3244,55.13,31,0,2.21,clear sky
239,Sobolevo,RU,54.4299,31.8996,31.8,86,100,9.01,overcast clouds
240,Olafsvik,IS,64.8945,-23.7142,34.5,57,34,23.15,scattered clouds
241,Gat,IL,31.61,34.7642,51.4,100,78,5.57,broken clouds
242,Nanortalik,GL,60.1432,-45.2371,25.65,58,100,9.93,overcast clouds
243,Ancud,CL,-41.8697,-73.8203,63.43,49,4,13.76,clear sky
244,Borisoglebskiy,RU,57.2586,39.1508,31.64,91,67,10.31,broken clouds
245,Riyadh,SA,24.6877,46.7219,68.14,22,0,13.94,clear sky
246,Taksimo,RU,56.3444,114.8794,-13.83,96,100,1.72,overcast clouds
247,Buritis,BR,-15.6178,-46.4233,75.2,88,100,5.77,overcast clouds
248,Vestmanna,FO,62.1564,-7.1664,25.72,68,75,0.0,broken clouds
249,Kahului,US,20.8947,-156.47,78.96,69,3,8.01,clear sky
250,Dunedin,NZ,-45.8742,170.5036,60.58,90,6,3.83,clear sky
251,Darnah,LY,32.767,22.6367,55.31,69,19,21.97,few clouds
252,Burnie,AU,-41.0667,145.9167,54.95,76,5,9.51,clear sky
253,Wageningen,NL,51.9667,5.6667,43.93,83,100,4.61,overcast clouds
254,Buraydah,SA,26.326,43.975,66.65,44,56,14.2,broken clouds
255,Valparai,IN,10.3667,76.9667,60.57,56,100,4.12,overcast clouds
256,Morant Bay,JM,17.8815,-76.4093,80.65,76,18,8.77,few clouds
257,Nouakchott,MR,18.0858,-15.9785,84.13,22,89,14.23,overcast clouds
258,Terra Rica,BR,-22.7094,-52.6169,84.52,47,1,9.98,clear sky
259,Telimele,GN,10.9167,-13.3333,79.3,15,2,2.13,clear sky
260,Chalus,IR,36.655,51.4204,51.26,87,100,4.61,overcast clouds
261,Belaguntha,IN,19.8833,84.65,67.19,76,45,2.13,scattered clouds
262,Saldanha,ZA,-33.0117,17.9442,64.45,81,0,10.85,clear sky
263,Cabo San Lucas,MX,22.8909,-109.9124,77.61,54,0,4.61,clear sky
264,Parkes,AU,-33.1333,148.1833,67.35,67,0,3.96,clear sky
265,Chotila,IN,22.4167,71.1833,64.92,40,5,9.57,clear sky
266,Baykit,RU,61.67,96.37,-16.74,97,9,3.02,clear sky
267,Iralaya,HN,15.0,-83.2333,81.88,67,10,10.31,clear sky
268,Husavik,IS,66.0449,-17.3389,30.11,85,100,11.39,overcast clouds
269,Verkhoyansk,RU,67.5447,133.385,-39.24,100,99,1.63,overcast clouds
270,Ubinskoye,RU,55.3068,79.6802,-14.51,100,6,5.28,clear sky
271,Hovd,MN,48.0056,91.6419,-6.84,98,100,2.24,overcast clouds
272,Gvarv,NO,59.3875,9.1737,34.48,88,11,4.32,few clouds
273,Gamba,GA,-2.65,10.0,77.32,88,98,4.68,light rain
274,Sonoita,MX,31.85,-112.8333,75.52,11,0,9.33,clear sky
275,Wanning,CN,18.8003,110.3967,69.6,92,23,4.36,few clouds
276,Tottori,JP,35.5,134.2333,38.91,86,88,3.69,overcast clouds
277,Lucera,IT,41.5082,15.3351,46.22,67,0,3.22,clear sky
278,Saskylakh,RU,71.9167,114.0833,4.82,94,100,13.44,light snow
279,Noumea,NC,-22.2763,166.4572,80.01,99,100,26.17,moderate rain
280,Tura,IN,25.5198,90.2201,56.41,86,0,2.15,clear sky
281,Sao Joao Da Barra,BR,-21.6403,-41.0511,77.09,88,84,9.98,broken clouds
282,College,US,64.8569,-147.8028,-7.2,78,75,4.61,light snow
283,Vicosa,BR,-20.7539,-42.8819,67.53,99,100,2.77,overcast clouds
284,Apollonia,GR,36.9716,24.7231,52.92,62,0,16.15,clear sky
285,Buguda,IN,19.8167,84.8,67.71,81,47,1.61,scattered clouds
286,Vallenar,CL,-28.5708,-70.7581,82.17,33,0,12.53,clear sky
287,Naze,JP,28.3667,129.4833,55.15,65,70,10.07,broken clouds
288,Mackay,AU,-21.15,149.2,72.68,94,40,6.91,scattered clouds
289,Olivet,FR,47.8622,1.8991,47.07,89,100,13.8,overcast clouds
290,Lavrentiya,RU,65.5833,-171.0,-29.78,97,62,4.63,broken clouds
291,Isiro,CD,2.7739,27.616,72.7,39,22,2.26,few clouds
292,Velyka Bahachka,UA,49.7912,33.7226,34.05,100,100,6.89,overcast clouds
293,Geilo,NO,60.5333,8.2076,10.04,90,13,8.95,few clouds
294,Colon,PA,9.3592,-79.9014,89.47,78,23,9.06,few clouds
295,Calama,CL,-22.4667,-68.9333,70.29,21,2,20.71,clear sky
296,Lebanon,US,36.2081,-86.2911,61.45,32,0,9.22,clear sky
297,Vila,PT,42.0304,-8.1588,46.74,79,97,2.93,overcast clouds
298,Kununurra,AU,-15.7667,128.7333,76.98,94,100,0.0,overcast clouds
299,Wahiawa,US,21.5028,-158.0236,77.32,60,0,3.44,clear sky
300,Victoria,HK,22.2855,114.1577,63.95,88,100,11.01,overcast clouds
301,Chapais,CA,49.7834,-74.8492,22.78,94,100,11.68,light snow
302,Pevek,RU,69.7008,170.3133,-33.16,99,100,8.61,overcast clouds
303,San Cristobal,VE,7.7669,-72.225,78.98,50,73,1.68,broken clouds
304,Canutama,BR,-6.5339,-64.3831,88.5,55,48,4.56,scattered clouds
305,Manica,FR,49.0,-1.1667,38.61,92,55,2.64,broken clouds
306,Camocim,BR,-2.9022,-40.8411,82.24,72,77,10.29,broken clouds
307,Coihaique,CL,-45.5752,-72.0662,59.61,38,20,12.66,few clouds
308,Hobyo,SO,5.3505,48.5268,75.87,66,38,20.67,scattered clouds
309,Sioux Falls,US,43.55,-96.7003,42.98,78,100,8.99,overcast clouds
310,Najran,SA,17.4924,44.1277,61.45,24,2,2.82,clear sky
311,Bukama,CD,-9.2,25.85,69.33,99,100,3.22,light rain
312,Kavieng,PG,-2.5744,150.7967,80.6,80,71,7.31,light rain
313,Rathdrum,US,47.8137,-116.892,48.49,71,20,6.91,few clouds
314,Siavonga,ZM,-16.5382,28.7088,75.69,83,98,5.3,overcast clouds
315,Villa Carlos Paz,AR,-31.4241,-64.4978,87.24,10,1,14.0,clear sky
316,Udarnyy,RU,54.3409,42.8611,26.76,97,96,6.76,light snow
317,Elmina,GH,5.0898,-1.348,80.33,85,0,8.55,clear sky
318,Portland,US,45.5234,-122.6762,57.06,83,100,5.75,overcast clouds
319,Wewak,PG,-3.5534,143.6268,78.24,87,100,3.58,overcast clouds
320,Port Lincoln,AU,-34.7333,135.8667,61.27,74,9,15.01,clear sky
321,Lukh,RU,57.0124,42.2584,30.04,96,100,9.1,light snow
322,Los Llanos De Aridane,ES,28.6585,-17.9182,71.35,33,0,12.66,clear sky
323,Geraldton,AU,-28.7667,114.6,68.41,88,40,8.05,scattered clouds
324,Sovetskiy,RU,61.3614,63.5842,6.6,95,100,11.07,overcast clouds
325,Peterhead,GB,57.5058,-1.7981,36.72,61,59,27.45,broken clouds
326,Villamaria,CO,5.0449,-75.5146,70.27,81,100,0.85,overcast clouds
327,Hervey Bay,AU,-25.2986,152.8535,67.03,78,0,13.2,clear sky
328,Port Hardy,CA,50.6996,-127.4199,48.38,81,100,8.05,overcast clouds
329,Sao Filipe,CV,14.8961,-24.4956,78.26,54,100,8.48,overcast clouds
330,Havelock,US,34.8791,-76.9013,67.05,47,0,10.36,clear sky
331,Tazovskiy,RU,67.4667,78.7,0.27,82,0,16.26,clear sky
332,Hasaki,JP,35.7333,140.8333,34.2,80,100,29.44,light snow
333,Sakaraha,MG,-22.9,44.5333,76.53,73,12,8.14,few clouds
334,Namibe,AO,-15.1961,12.1522,73.9,81,100,4.81,overcast clouds
335,Tacuarembo,UY,-31.7333,-55.9833,92.19,18,0,7.11,clear sky
336,Komsomolskiy,UZ,40.4272,71.7189,36.82,74,100,4.61,overcast clouds
337,Sabya,SA,17.1495,42.6254,78.42,70,0,1.54,clear sky
338,Kruisfontein,ZA,-34.0033,24.7314,63.27,82,59,3.06,broken clouds
339,Mana,GF,5.6592,-53.7767,80.26,75,65,11.01,broken clouds
340,Bay Roberts,CA,47.5999,-53.2648,40.51,74,37,3.0,scattered clouds
341,Iqaluit,CA,63.7506,-68.5145,-7.87,84,100,5.75,light snow
342,Wilmington,US,34.2257,-77.9447,64.31,31,0,12.66,clear sky
343,Chuy,UY,-33.6971,-53.4616,76.46,54,9,15.12,clear sky
344,Harper,LR,4.375,-7.7169,79.43,87,7,7.0,clear sky
345,Leningradskiy,RU,69.3833,178.4167,-19.12,97,100,4.79,overcast clouds
346,Rome,US,34.257,-85.1647,67.37,30,2,4.0,clear sky
347,Iberia,US,29.9502,-91.7507,70.05,26,0,0.0,clear sky
348,Kailua,US,21.4022,-157.7394,80.58,73,40,4.61,scattered clouds
349,Nkan,GA,0.3833,9.7833,77.79,90,99,3.85,overcast clouds
350,Dingle,PH,10.9995,122.6711,75.96,82,100,9.35,overcast clouds
351,Camabatela,AO,-8.1881,15.375,66.11,76,75,2.89,broken clouds
352,Monchegorsk,RU,67.9397,32.8739,14.23,98,73,5.41,broken clouds
353,Hirara,JP,24.8,125.2833,64.98,76,100,17.98,overcast clouds
354,Necochea,AR,-38.5473,-58.7368,83.03,39,6,15.28,clear sky
355,Araouane,ML,18.9048,-3.5265,69.01,14,6,11.68,clear sky
356,Alihe,CN,50.5667,123.7167,-2.16,99,100,2.19,overcast clouds
357,Campos Novos,BR,-27.4017,-51.225,76.6,45,80,3.24,broken clouds
358,Puri,IN,19.8,85.85,68.52,70,14,9.1,few clouds
359,Mopipi,BW,-21.1833,24.8833,81.48,46,98,7.09,overcast clouds
360,Cuenca,EC,-2.8833,-78.9833,71.73,43,75,10.36,broken clouds
361,Sept-Iles,CA,50.2001,-66.3821,29.05,94,100,9.22,overcast clouds
362,Ushtobe,KZ,45.2514,77.9838,14.09,97,90,4.74,overcast clouds
363,Kamina,CD,-8.7386,24.9906,64.08,95,100,2.46,overcast clouds
364,Tahta,EG,26.7693,31.5021,53.92,54,9,6.71,clear sky
365,Codrington,AU,-38.2667,141.9667,56.89,84,28,8.75,scattered clouds
366,Talnakh,RU,69.4865,88.3972,-2.79,96,50,11.68,scattered clouds
367,Kiri Buru,IN,22.0833,85.35,60.69,81,12,3.69,few clouds
368,Chihuahua,MX,28.5,-106.0,59.83,15,0,11.63,clear sky
369,Ust-Nera,RU,64.5667,143.2,-34.76,99,63,3.49,broken clouds
370,Ferrol,ES,43.4832,-8.2369,53.37,92,100,5.41,overcast clouds
371,Biak,ID,-0.9131,122.8766,75.92,83,60,3.0,broken clouds
372,Omboue,GA,-1.5746,9.2618,78.03,88,100,5.01,light rain
373,Comodoro Rivadavia,AR,-45.8667,-67.5,62.46,29,40,8.05,scattered clouds
374,Salalah,OM,17.0151,54.0924,73.49,64,0,4.61,clear sky
375,Port Blair,IN,11.6667,92.75,75.24,94,40,2.3,mist
376,Aginskoye,RU,51.1,114.53,-7.58,97,92,5.32,overcast clouds
377,Peniche,PT,39.3558,-9.3811,59.11,87,100,3.78,light rain
378,Majalgaon,IN,19.15,76.2333,68.29,37,95,8.55,overcast clouds
379,Allapalli,IN,19.4167,80.0667,66.76,58,34,3.2,scattered clouds
380,Mugur-Aksy,RU,50.35,90.5,-20.2,94,38,5.26,scattered clouds
381,Lagoa,PT,39.05,-27.9833,58.57,73,100,5.5,overcast clouds
382,Guerrero Negro,MX,27.9769,-114.0611,74.05,25,0,2.82,clear sky
383,Pechora,RU,65.1472,57.2244,25.48,91,100,16.58,light snow
384,Goksun,TR,38.021,36.4973,32.95,94,24,8.21,few clouds
385,Neiafu,TO,-18.65,-173.9833,81.84,74,100,15.93,overcast clouds
386,Butembo,CD,0.15,29.2833,62.94,57,65,2.15,broken clouds
387,Quartucciu,IT,39.2519,9.1794,52.0,77,0,5.75,clear sky
388,La Fleche,FR,47.6982,-0.0755,43.99,91,100,14.29,overcast clouds
389,Tomatlan,MX,19.9333,-105.25,87.35,20,0,10.11,clear sky
390,Pocatello,US,42.8713,-112.4455,39.67,79,100,5.99,overcast clouds
391,Vermillion,US,42.7794,-96.9292,48.02,64,100,19.1,overcast clouds
392,Airai,TL,-8.9266,125.4092,60.33,92,100,1.48,overcast clouds
393,Berlevag,NO,70.8578,29.0864,21.15,79,0,23.02,clear sky
394,Borazjan,IR,29.2666,51.2159,60.13,52,0,2.33,clear sky
395,Perry,US,37.2506,-83.1999,57.34,45,88,11.79,overcast clouds
396,Idrinskoye,RU,54.3708,92.1358,-25.49,100,79,1.34,broken clouds
397,Kayerkan,RU,69.3497,87.7602,-3.48,84,30,9.48,scattered clouds
398,Puerto Narino,CO,-3.7703,-70.3831,89.55,53,94,1.12,overcast clouds
399,Yeniseysk,RU,58.4497,92.1703,-18.02,100,85,0.2,overcast clouds
400,Kokkola,FI,63.8385,23.1307,32.16,85,0,14.97,clear sky
401,Shitanjing,CN,39.2342,106.3439,20.59,57,100,2.53,overcast clouds
402,Coquimbo,CL,-29.9533,-71.3436,71.33,60,100,6.91,overcast clouds
403,Kirakira,SB,-10.4544,161.9205,78.96,85,100,5.53,overcast clouds
404,Shenzhen,CN,22.5455,114.0683,63.84,95,100,6.35,overcast clouds
405,Nanga Eboko,CM,4.6833,12.3667,74.48,21,7,3.0,clear sky
406,Palmeiras De Goias,BR,-16.805,-49.9258,69.76,95,100,7.18,overcast clouds
407,Xifeng,CN,42.7372,124.7222,26.02,73,99,5.5,overcast clouds
408,Sinjai,ID,-5.1241,120.253,74.01,91,98,4.27,overcast clouds
409,Pilar,BR,-9.5972,-35.9567,84.13,57,13,14.14,few clouds
410,Cadiz,ES,36.5,-5.75,56.39,92,100,5.19,overcast clouds
411,Buin,CL,-33.7333,-70.75,79.05,34,100,11.01,overcast clouds
412,Mokhsogollokh,RU,61.4681,128.9203,-32.42,100,54,3.06,broken clouds
413,Tarko-Sale,RU,64.9225,77.785,-5.39,85,45,12.82,scattered clouds
414,Okmulgee,US,35.6234,-95.9605,63.32,25,0,0.0,clear sky
415,Zhigansk,RU,66.7697,123.3711,-29.56,97,99,11.21,overcast clouds
416,Haines Junction,CA,60.7522,-137.5108,28.35,34,45,8.05,scattered clouds
417,Mabaruma,GY,8.2,-59.7833,80.29,68,94,7.2,overcast clouds
418,Ilulissat,GL,69.2167,-51.1,-2.18,60,75,1.14,broken clouds
419,Vila Franca Do Campo,PT,37.7167,-25.4333,60.19,74,96,9.01,overcast clouds
420,Lasa,IT,46.6166,10.7002,42.26,77,17,1.32,few clouds
421,Beverley,GB,53.8459,-0.4233,42.57,59,75,14.97,broken clouds
422,Asau,RO,46.4333,26.4,38.75,91,9,6.87,clear sky
423,Suntar,RU,62.1444,117.6319,-29.99,100,99,2.64,overcast clouds
424,Gazli,UZ,40.1333,63.45,48.96,51,99,8.93,overcast clouds
425,Milkovo,RU,54.7167,158.6167,-4.38,98,97,1.5,overcast clouds
426,Tranas,SE,58.0372,14.9782,36.59,82,27,12.48,scattered clouds
427,Beipiao,CN,41.7919,120.7792,19.81,75,15,5.03,few clouds
428,Humberto De Campos,BR,-2.5983,-43.4611,78.19,87,100,4.45,moderate rain
429,Kampene,CD,-3.6,26.6667,67.32,89,97,0.98,overcast clouds
430,Marawi,PH,7.9986,124.2928,66.65,97,100,1.52,overcast clouds
431,Qixia,CN,37.2975,120.8256,32.49,72,41,4.65,scattered clouds
432,San Rafael,AR,-34.6177,-68.3301,88.34,22,50,19.44,scattered clouds
433,Seabra,BR,-12.4186,-41.7703,79.52,63,44,7.47,scattered clouds
434,Leh,IN,34.1667,77.5833,-6.7,90,94,3.58,overcast clouds
435,Ruteng,ID,-8.6136,120.4721,63.68,95,100,1.54,overcast clouds
436,Uruzgan,AF,32.8333,66.0,35.73,45,6,8.28,clear sky
437,Yamada,JP,39.4667,141.95,31.37,78,100,10.02,overcast clouds
438,Bathsheba,BB,13.2167,-59.5167,83.01,57,20,25.32,few clouds
439,Honiara,SB,-9.4333,159.95,78.15,86,70,5.64,moderate rain
440,Mogadishu,SO,2.0371,45.3438,76.96,79,10,22.84,clear sky
441,Esmeraldas,BR,-19.7625,-44.3139,80.71,88,100,2.46,heavy intensity rain
442,Sola,VU,-13.8833,167.55,82.09,77,100,21.63,overcast clouds
443,Santa Maria Do Suacui,BR,-18.1903,-42.4142,77.47,89,79,2.66,broken clouds
444,Marsh Harbour,BS,26.5412,-77.0636,73.04,74,79,13.04,broken clouds
445,Fortuna Foothills,US,32.6578,-114.4119,81.7,14,0,12.66,clear sky
446,Shimoni,KE,-4.6476,39.3817,79.03,81,92,11.34,overcast clouds
447,Valentin Gomez Farias,MX,28.2167,-106.5833,59.68,18,0,10.74,clear sky
448,Vila Velha,BR,-20.3297,-40.2925,76.95,85,75,10.36,moderate rain
449,Nishihara,JP,26.1842,127.7558,60.08,78,75,5.75,broken clouds
450,Borba,BR,-4.3878,-59.5939,76.86,96,100,2.1,heavy intensity rain
451,Bubaque,GW,11.2833,-15.8333,79.43,72,5,12.39,clear sky
452,Khasan,RU,42.4308,130.6434,27.68,75,47,4.61,scattered clouds
453,Yasothon,TH,15.75,104.1333,75.2,63,43,7.07,scattered clouds
454,Bakel,SN,14.905,-12.4568,83.1,8,3,10.71,clear sky
455,Sampit,ID,-2.5333,112.95,73.24,96,100,2.17,overcast clouds
456,Prince Rupert,CA,54.3161,-130.3201,41.09,75,100,14.97,overcast clouds
457,Pacific Grove,US,36.6177,-121.9166,79.61,40,0,4.0,clear sky
458,Santa Cruz De Tenerife,ES,28.4682,-16.2546,74.64,38,20,6.91,few clouds
459,Naryan-Mar,RU,67.6713,53.087,23.47,89,100,20.09,overcast clouds
460,Visby,SE,57.6409,18.296,35.82,87,0,14.97,clear sky
461,Saint-Joseph,RE,-21.3667,55.6167,73.78,80,27,3.49,scattered clouds
462,Blagoyevo,RU,63.3667,47.9167,23.0,91,100,10.45,overcast clouds
463,Fortuna,US,40.5982,-124.1573,80.85,49,20,1.01,few clouds
464,Vajszlo,HU,45.8596,17.9841,43.92,74,5,5.48,clear sky
465,Labrea,BR,-7.2586,-64.7981,78.93,93,85,3.4,moderate rain
466,Taoudenni,ML,22.6783,-3.9836,66.79,16,47,11.83,scattered clouds
467,Mookane,BW,-23.688,26.6595,74.73,52,81,6.78,broken clouds
468,Ajdabiya,LY,30.7554,20.2263,55.2,65,4,7.94,clear sky
469,Carauari,BR,-4.8828,-66.8958,81.48,87,100,1.28,overcast clouds
470,Kennett,US,36.2362,-90.0556,57.34,38,0,4.61,clear sky
471,Baruun-Urt,MN,46.6806,113.2792,-6.12,98,90,2.39,overcast clouds
472,Lincoln,US,40.8,-96.667,53.17,51,100,10.0,overcast clouds
473,Makakilo City,US,21.3469,-158.0858,79.12,57,0,5.75,clear sky
474,Cairns,AU,-16.9167,145.7667,75.07,97,3,0.0,clear sky
475,Minab,IR,27.1467,57.0801,61.12,82,0,0.0,clear sky
476,Kobelyaky,UA,49.1489,34.1965,34.75,96,98,7.67,overcast clouds
477,Escanaba,US,45.7453,-87.0646,26.2,77,100,11.01,overcast clouds
478,Rudbar,AF,30.15,62.6,56.82,19,0,11.07,clear sky
479,San Patricio,US,28.017,-97.5169,73.38,35,100,4.34,overcast clouds
480,Camargo,MX,27.6667,-105.1667,65.44,15,17,5.41,few clouds
481,Timra,SE,62.487,17.3257,31.68,93,51,2.3,broken clouds
482,Longyearbyen,SJ,78.2186,15.6401,24.64,68,75,8.05,broken clouds
483,Toila,EE,59.4236,27.5025,31.12,86,93,14.63,overcast clouds
484,Pafos,CY,34.7667,32.4167,49.91,57,40,8.05,scattered clouds
485,Paita,PE,-5.0892,-81.1144,82.96,61,47,14.25,scattered clouds
486,Mwinilunga,ZM,-11.7358,24.4293,61.9,96,94,2.13,light rain
487,Goma,CD,-1.6792,29.2228,63.9,76,32,3.31,scattered clouds
488,Zaozerne,UA,45.1582,33.2787,39.94,80,100,9.06,overcast clouds
489,Mlonggo,ID,-6.5333,110.7,76.89,89,100,7.34,overcast clouds
490,Antalaha,MG,-14.9003,50.2788,75.0,92,25,4.56,light rain
491,Trairi,BR,-3.2778,-39.2689,82.49,68,100,7.54,overcast clouds
492,Westport,US,41.1415,-73.3579,54.99,42,0,19.57,clear sky
493,Annau,TM,37.8876,58.516,47.7,43,58,4.61,broken clouds
494,Moranbah,AU,-22.0016,148.0466,70.93,87,0,5.19,clear sky
495,Chibombo,ZM,-14.6569,28.0706,65.32,96,100,4.36,light rain
496,Ketchikan,US,55.3422,-131.6461,39.67,65,75,9.22,broken clouds
497,Karur,IN,10.95,78.0833,72.68,80,29,6.64,scattered clouds
498,Muroto,JP,33.2833,134.15,47.14,64,7,4.63,clear sky
499,Rio Gallegos,AR,-51.6226,-69.2181,55.45,28,100,31.07,overcast clouds
500,Esso,RU,55.9333,158.7,-1.86,93,80,4.76,broken clouds
501,Uzhur,RU,55.3036,89.8339,-21.42,99,23,3.91,few clouds
502,Bilma,NE,18.6853,12.9164,66.13,16,0,7.92,clear sky
503,Aquiraz,BR,-3.9014,-38.3911,84.29,73,92,7.07,overcast clouds
504,Emmett,US,43.8735,-116.4993,50.63,94,100,1.68,overcast clouds
505,Vuktyl,RU,63.8567,57.3094,26.24,79,100,13.18,overcast clouds
506,Oranjemund,NA,-28.55,16.4333,64.08,92,4,13.56,clear sky
507,Srandakan,ID,-7.9386,110.2506,77.18,86,100,5.55,very heavy rain
508,Rocha,UY,-34.4833,-54.3333,75.87,56,0,15.3,clear sky
509,Saint Pete Beach,US,27.7253,-82.7412,73.22,48,0,3.0,clear sky
510,Touros,BR,-5.1989,-35.4608,86.9,71,53,13.51,broken clouds
511,Umea,SE,63.8284,20.2597,31.93,74,0,10.36,clear sky
512,Yar-Sale,RU,66.8333,70.8333,8.29,90,98,19.8,overcast clouds
513,Road Town,VG,18.4167,-64.6167,78.89,83,75,6.91,broken clouds
514,San Ramon,US,37.7799,-121.978,76.55,37,0,4.61,clear sky
515,Nelson Bay,AU,-32.7167,152.15,72.0,64,89,7.83,overcast clouds
516,Marfino,RU,55.7028,37.3822,33.94,81,75,8.95,broken clouds
517,Baturaja,ID,-4.1333,104.1667,70.88,90,100,2.21,overcast clouds
518,Tete,MZ,-16.1564,33.5867,82.49,61,20,4.61,few clouds
519,Algiers,DZ,36.7525,3.042,49.82,87,40,3.44,scattered clouds
520,Tabou,CI,4.423,-7.3528,79.45,89,3,7.38,clear sky
521,Louis Trichardt,ZA,-23.0439,29.9032,69.31,48,0,3.6,clear sky
522,Seymchan,RU,62.8833,152.4333,-42.72,100,90,0.78,overcast clouds
523,Konskie,PL,51.1917,20.4061,46.08,74,100,14.09,overcast clouds
524,Coahuayana,MX,18.7333,-103.6833,85.48,28,0,8.39,clear sky
525,Turayf,SA,31.6725,38.6637,41.25,93,40,6.91,scattered clouds
526,Nangomba,TZ,-10.9,38.5,70.54,97,86,3.89,light rain
527,Paracuru,BR,-3.41,-39.0306,84.22,72,98,7.43,overcast clouds
528,Smolenskoye,RU,52.3044,85.0781,-20.22,100,82,1.34,broken clouds
529,High Level,CA,58.5169,-117.136,3.31,85,100,6.91,light snow
530,Vilyuysk,RU,63.7553,121.6247,-40.47,100,61,2.44,broken clouds
531,Anchorage,US,61.2181,-149.9003,27.61,59,0,17.27,clear sky
532,Kadingilan,PH,7.6011,124.9086,72.54,90,100,2.66,overcast clouds
533,Ucluelet,CA,48.9329,-125.5528,46.09,94,54,1.86,broken clouds
534,Sumenep,ID,-7.0167,113.8667,76.01,92,100,6.2,overcast clouds
535,Lata,PT,40.1629,-8.3327,56.71,69,100,0.76,overcast clouds
536,Abhar,IR,36.1468,49.218,37.09,97,100,1.63,overcast clouds
537,Rawson,AR,-43.3002,-65.1023,64.18,40,59,19.39,broken clouds
538,Zhanaozen,KZ,43.3,52.8,35.65,85,100,17.78,overcast clouds
539,Iranshahr,IR,27.2025,60.6848,57.54,23,0,4.61,clear sky
540,Taywarah,AF,33.35,64.4167,13.91,44,6,4.56,clear sky
541,Port Said,EG,31.2565,32.2841,55.38,71,40,11.5,scattered clouds
542,Koutiala,ML,12.3917,-5.4642,83.48,10,0,9.22,clear sky
543,Mayo,US,38.8876,-76.5119,61.21,33,75,9.22,broken clouds
544,Stege,DK,54.987,12.2846,39.06,84,100,20.04,overcast clouds
545,Enfield,AU,-34.8526,138.6026,61.5,71,20,14.97,few clouds
546,Guadalupe Y Calvo,MX,26.1,-106.9667,57.63,17,84,8.14,broken clouds
547,Ouegoa,NC,-20.35,164.4333,80.4,86,100,17.52,overcast clouds
548,Bandarbeyla,SO,9.4942,50.8122,73.76,62,13,17.09,few clouds
549,Pontianak,ID,-0.0333,109.3333,75.18,100,100,4.61,mist
550,Pangkalanbuun,ID,-2.6833,111.6167,73.15,98,100,2.37,overcast clouds
551,Barra Dos Coqueiros,BR,-10.9089,-37.0386,86.02,70,20,17.27,few clouds
552,Damietta,EG,31.4165,31.8133,55.29,64,83,8.14,broken clouds
553,Pyinmana,MM,19.7333,96.2167,59.92,33,18,3.11,few clouds
554,Sambava,MG,-14.2667,50.1667,75.56,90,42,4.59,light rain
555,Huadian,CN,42.9633,126.7478,8.35,96,100,1.97,overcast clouds
556,Shelby,US,35.2001,-89.8668,66.65,27,100,1.99,overcast clouds
557,Mangrol,IN,21.1167,70.1167,67.86,42,4,14.94,clear sky
558,Abu Zabad,SD,12.35,29.25,70.0,11,4,16.49,clear sky
559,Caxito,AO,-8.5785,13.6643,83.05,86,74,2.15,broken clouds
560,Biloela,AU,-24.4167,150.5,69.57,58,0,3.33,clear sky
561,Dicamay,PH,16.7561,122.0037,67.46,88,100,2.01,overcast clouds
562,Mehamn,NO,71.0357,27.8492,24.98,82,98,10.4,overcast clouds
563,Kisangani,CD,0.5167,25.2,78.53,65,100,4.21,overcast clouds
564,Tezu,IN,27.9167,96.1667,56.97,65,96,3.11,overcast clouds
565,Puerto Quijarro,BO,-17.7833,-57.7667,92.84,38,100,5.44,overcast clouds
566,Cooma,AU,-36.2333,149.1333,53.37,100,100,8.05,overcast clouds
567,Doka,SD,13.5167,35.7667,81.1,27,1,12.82,clear sky
568,Hole Narsipur,IN,12.7828,76.2431,63.41,45,5,7.31,clear sky
569,Cururupu,BR,-1.8283,-44.8683,78.4,82,99,3.62,overcast clouds
570,Harrison,US,30.4091,-89.0436,72.3,36,0,9.22,clear sky
571,Pangnirtung,CA,66.1451,-65.7125,-2.2,55,100,3.44,overcast clouds
572,Boden,SE,65.8252,21.6886,28.4,93,100,4.32,overcast clouds
573,Gunnedah,AU,-30.9833,150.25,65.82,70,49,9.44,light rain
574,Vanavara,RU,60.34,102.2797,-20.11,100,98,0.98,overcast clouds
575,Alappuzha,IN,9.49,76.3264,76.1,80,95,4.12,overcast clouds
576,Dabhol,IN,17.6,73.1667,68.38,66,44,5.28,scattered clouds
577,Elko,US,41.0002,-115.5012,49.05,57,4,6.08,clear sky
578,Atar,MR,20.5169,-13.0499,72.7,14,2,12.46,clear sky
579,Lazarev,RU,52.225,141.5131,15.21,95,100,6.76,light snow
580,Huancabamba,PE,-5.2386,-79.4506,61.39,98,100,3.06,moderate rain
581,Pryazha,RU,61.6926,33.6216,29.43,95,100,7.63,light snow
582,Carroll,US,39.5501,-77.0164,57.65,32,0,19.57,clear sky
583,Evensk,RU,61.95,159.2333,-13.7,73,65,5.53,broken clouds
584,Bodden Town,KY,19.2833,-81.25,82.99,69,20,5.75,few clouds
585,Chanika,TZ,-5.4167,38.0167,68.02,93,85,3.04,overcast clouds
586,Manaul,PH,12.453,121.4107,76.35,80,100,15.68,overcast clouds
587,Okhotsk,RU,59.3833,143.3,3.88,86,100,5.35,overcast clouds
588,Rio Cuarto,AR,-33.1307,-64.3499,91.17,29,0,21.85,clear sky
589,Touba,CI,8.2833,-7.6833,79.75,15,22,1.77,few clouds
590,Nigde,TR,37.8333,34.75,13.77,94,83,5.37,broken clouds
591,Port-Gentil,GA,-0.7193,8.7815,81.25,79,100,4.88,overcast clouds
592,San Fernando,PH,15.0286,120.6898,79.14,90,81,3.87,broken clouds
593,Inongo,CD,-1.95,18.2667,78.48,60,92,3.85,overcast clouds
594,Bojnurd,IR,37.4747,57.329,37.35,60,0,2.3,clear sky
595,Uporovo,RU,56.3109,66.2693,-3.62,85,3,11.99,clear sky
596,Mbanza-Ngungu,CD,-5.25,14.8667,71.1,81,96,1.88,overcast clouds
597,Meulaboh,ID,4.1363,96.1285,75.54,83,100,2.3,overcast clouds
598,Anadyr,RU,64.75,177.4833,-23.3,76,0,6.71,clear sky
599,Varberg,SE,57.1056,12.2508,40.05,91,21,19.33,few clouds
600,Cap-Aux-Meules,CA,47.3821,-61.8597,30.25,100,100,10.36,overcast clouds
601,Luwingu,ZM,-10.2621,29.9271,63.43,94,100,3.53,overcast clouds
602,Arman,RU,59.7,150.1667,-8.57,78,98,7.52,overcast clouds
603,Jardim,BR,-21.4803,-56.1381,95.16,21,0,6.2,clear sky
604,Bellevue,US,47.6104,-122.2007,51.22,89,100,6.91,mist
605,Bayir,TR,37.2687,28.2167,38.23,66,0,6.31,clear sky
606,Petukhovo,RU,55.0692,67.9019,-9.74,93,5,10.63,clear sky
607,Fort Morgan,US,40.2503,-103.8,59.74,43,0,6.91,clear sky
608,Mizdah,LY,31.4451,12.9801,47.5,68,7,6.13,clear sky
609,Pauini,BR,-7.7136,-66.9764,85.78,60,93,3.67,overcast clouds
610,Altagracia De Orituco,VE,9.8601,-66.3814,84.4,45,27,10.33,scattered clouds
611,Bibiani,GH,6.4635,-2.3194,80.58,41,57,4.09,broken clouds
612,Dicabisagan,PH,17.0818,122.4157,74.1,88,100,5.95,overcast clouds
613,Gemena,CD,3.25,19.7667,78.46,21,14,3.09,few clouds
614,Suamico,US,44.6319,-88.0393,26.13,66,100,11.5,overcast clouds
615,Juneau,US,58.3019,-134.4197,37.4,67,75,8.05,broken clouds
616,Jacksonville Beach,US,30.2947,-81.3931,71.15,35,20,8.05,few clouds
617,Wajir,KE,1.7471,40.0573,85.01,28,41,12.59,scattered clouds
618,Paro,BT,27.4305,89.4133,29.86,85,64,5.19,light snow
619,Manggar,ID,-2.8833,108.2667,77.29,84,100,8.41,overcast clouds
620,Iquique,CL,-20.2208,-70.1431,75.24,65,13,6.69,few clouds
621,Tessalit,ML,20.1986,1.0114,67.6,10,5,10.8,clear sky
622,Teguldet,RU,57.3064,88.1667,-18.51,100,54,1.97,broken clouds
623,Tecoanapa,MX,16.5167,-98.75,82.9,51,100,10.18,overcast clouds
624,Celestun,MX,20.8667,-90.4,74.03,69,17,11.97,few clouds
625,Detchino,RU,54.8092,36.3075,34.25,92,95,10.04,overcast clouds
626,Montepuez,MZ,-13.1256,38.9997,70.0,97,100,1.3,light rain
627,Waingapu,ID,-9.6567,120.2641,76.68,86,100,3.02,overcast clouds
628,Eyl,SO,7.9803,49.8164,72.18,64,1,16.46,clear sky
629,Lekoni,GA,-1.5843,14.2591,82.83,53,100,5.91,overcast clouds
630,Guimar,ES,28.3039,-16.4325,68.76,34,35,3.38,scattered clouds
631,Auki,SB,-8.7676,160.7034,78.19,89,100,3.78,moderate rain
632,Benbrook,US,32.6732,-97.4606,71.67,18,75,4.61,broken clouds
633,Lazaro Cardenas,MX,17.9583,-102.2,81.81,48,93,9.35,overcast clouds
634,Bambanglipuro,ID,-7.95,110.2833,77.0,86,100,5.53,heavy intensity rain
635,Tsumeb,NA,-19.2333,17.7167,67.55,65,64,4.9,broken clouds
636,Onega,RU,63.9061,38.1404,20.7,96,62,8.19,broken clouds
637,Soc Trang,VN,9.6033,105.98,75.16,82,100,10.38,overcast clouds
638,Santa Cruz,BO,-17.8,-63.1667,93.25,40,20,13.8,few clouds
639,Tsiroanomandidy,MG,-18.7667,46.0333,69.48,92,32,0.78,light rain
640,Amga,RU,60.8953,131.9608,-27.56,100,95,1.43,overcast clouds
641,Rodrigues Alves,BR,-7.738,-72.6509,86.2,78,91,3.96,overcast clouds
642,Besikduzu,TR,41.052,39.2284,42.69,83,84,5.91,broken clouds
643,Castelnau-Le-Lez,FR,43.6333,3.9,47.71,88,0,3.44,clear sky
644,Espanola,US,35.9911,-106.0806,53.83,47,13,1.66,few clouds
645,Dovolnoye,RU,54.4958,79.6671,-22.54,100,44,5.03,scattered clouds
646,Xuddur,SO,4.1213,43.8894,75.06,35,2,10.6,clear sky
647,Boralday,KZ,43.3578,76.8594,21.06,86,75,4.47,smoke
648,Lambarene,GA,-0.7001,10.2406,76.87,89,78,4.21,light rain
649,Igarka,RU,67.4667,86.5833,-18.31,96,6,10.25,clear sky
650,Kavaratti,IN,10.5669,72.642,79.03,76,55,14.67,broken clouds
651,Yarmouth,US,41.7057,-70.2286,52.45,81,40,16.11,scattered clouds
652,Goderich,CA,43.7501,-81.7165,31.91,74,100,11.5,overcast clouds
653,Lyubytino,RU,58.8122,33.3922,32.04,92,100,11.52,light snow
654,Beauceville,CA,46.2179,-70.7787,37.9,93,100,0.0,light rain
655,Huron,US,41.1501,-82.5499,36.07,78,96,13.44,overcast clouds
656,Fuerte Olimpo,PY,-21.0415,-57.8738,101.44,14,0,6.58,clear sky
657,Rochester,US,43.1548,-77.6156,38.95,77,100,13.8,overcast clouds
658,Huarmey,PE,-10.0681,-78.1522,74.68,71,99,8.9,overcast clouds
659,Yabrud,SY,33.9674,36.6574,31.66,76,59,3.18,broken clouds
660,Angoche,MZ,-16.2325,39.9086,78.35,80,85,5.06,overcast clouds
661,Kinlochleven,GB,56.7115,-4.9661,42.75,89,14,2.66,few clouds
662,Santo Antonio Do Ica,BR,-3.1022,-67.9397,81.25,88,95,2.66,overcast clouds
663,Potsdam,DE,52.3989,13.0657,44.11,96,100,1.01,light rain
664,Beloha,MG,-25.1667,45.05,72.86,90,42,9.4,scattered clouds
665,Isetskoye,RU,56.4858,65.3226,-4.18,91,17,8.84,few clouds
666,Tecolutla,MX,20.4833,-97.0167,69.66,76,100,8.23,overcast clouds
667,Esfarayen,IR,37.0765,57.5101,35.26,40,51,3.98,broken clouds
668,Raudeberg,NO,61.9875,5.1352,32.67,89,99,1.01,overcast clouds
669,Soubre,CI,5.7856,-6.6083,79.9,71,29,5.86,scattered clouds
670,Tongchuan,CN,35.0806,109.0897,32.88,64,100,2.33,overcast clouds
671,Mae Chan,TH,20.1467,99.8526,58.23,54,60,2.64,broken clouds
672,Awjilah,LY,29.1081,21.2869,53.51,48,5,8.23,clear sky
673,Eureka,US,40.8021,-124.1637,81.19,57,0,4.14,clear sky
674,Rudsar,IR,37.1376,50.288,49.98,88,100,5.06,overcast clouds
675,Sotouboua,TG,8.5667,0.9833,80.98,19,2,0.45,clear sky
676,Brae,GB,60.3964,-1.353,33.71,54,100,20.89,overcast clouds
677,Tautira,PF,-17.7333,-149.15,84.22,73,60,11.97,broken clouds
678,Laguna,US,38.421,-121.4238,76.66,52,0,3.44,clear sky
679,Tshikapa,CD,-6.4167,20.8,70.48,98,100,1.01,overcast clouds
680,Wuan,CN,31.6836,112.0044,40.73,73,86,3.29,overcast clouds
681,Ayan,RU,56.45,138.1667,10.15,92,100,8.34,overcast clouds
682,Akyab,MM,20.15,92.9,65.95,61,7,7.96,clear sky
683,Malpe,IN,13.35,74.7167,76.3,84,5,3.87,clear sky
684,Merauke,ID,-8.4667,140.3333,77.88,84,99,2.28,overcast clouds
685,Bingol,TR,38.8847,40.4939,31.06,95,100,5.93,light snow
686,Mareeba,AU,-17.0,145.4333,70.45,95,18,1.25,few clouds
687,Porto Torres,IT,40.835,8.3972,39.38,68,0,2.48,clear sky
688,Leo,BF,11.1,-2.1,78.22,13,0,7.36,clear sky
689,Malindi,KE,-3.2175,40.1191,77.45,86,97,12.82,overcast clouds
690,San Joaquin,US,37.9333,-121.3011,76.15,46,3,2.62,clear sky
691,Santa Maria A Vico,IT,41.0255,14.4654,51.17,81,0,1.21,clear sky
692,Chanderi,IN,24.7167,78.1333,52.81,55,0,1.28,clear sky
693,Kundiawa,PG,-6.0167,144.9667,63.97,97,100,0.76,overcast clouds
694,Piacabucu,BR,-10.4056,-36.4344,81.5,71,3,13.29,clear sky
